,Aurora Football Club,Aurora, CO,Premier,https://premier.upsl.com/teams/aurora-football-club-490402,
,PSC FC AZ,Surprise, AZ,Premier,https://premier.upsl.com/teams/psc-fc-az-61086,
,3rd Eye FC,Bloomfield , CT,Division 1,http://division1.upsl.com/teams/3rd-eye-fc-854344,
,88Thirty,Orange County, CA,Division 1,http://division1.upsl.com/teams/88thirty-932753,
,A.S. Los Angeles II,Tuiunga, CA,Division 1,http://division1.upsl.com/teams/a-s-los-angeles-ii-370674,
,A.S. Los Angeles,Tuiunga, CA,Premier,https://premier.upsl.com/teams/a-s-los-angeles-48195,
,AC Raleigh,Raleigh, NC,Premier,https://premier.upsl.com/teams/ac-raleigh-7455,
,Academias Barcelona SC,Queens, NY,Division 1,http://division1.upsl.com/teams/academias-barcelona-sc-200732,
,Acoreano Sport,Hilmar, CA,Premier,https://premier.upsl.com/teams/acoreano-sport-52997,
,AFC Solano,Fairfield, CA,Division 1,http://division1.upsl.com/teams/afc-solano-887670,
,AFG FC,Alameda, CA,Division 1,http://division1.upsl.com/teams/afg-fc-818509,
,Alamo City SC,San Antonio, TX,Premier,https://premier.upsl.com/teams/alamo-city-sc-97466,
,Alaska Thorns FC,Anchorage, AK,Premier,https://premier.upsl.com/teams/alaska-thorns-fc-648844,
,Alaska Timbers Women,Anchorage, AK,Women,http://women.upsl.com/teams/alaska-timbers-women-339009,
,Albion SC,San Diego, CA,Premier,https://premier.upsl.com/teams/albion-sc-794431,
,Alexandria Reds,Alexandria, VA,Premier,https://premier.upsl.com/teams/alexandria-reds-58717,
,Alexandria United FC,Alexandria/Arlington, VA,Premier,https://premier.upsl.com/teams/alexandria-united-fc-170010,
,Alianza FC,Detroit, MI,Premier,https://premier.upsl.com/teams/alianza-fc-282638,
,Amigos FC New York,Long Island, NY,Division 1,http://division1.upsl.com/teams/amigos-fc-new-york-11187,
,AMSG FC,Costa Mesa, CA,Division 1,http://division1.upsl.com/teams/amsg-fc-388367,
,Anaheim Premier FC U15,Anaheim, CA,Academy Boys,http://academyboys.upsl.com/teams/anaheim-premier-fc-u15-816641,
,Anaheim Premier FC U17,Anaheim, CA,Academy Boys,http://academyboys.upsl.com/teams/anaheim-premier-fc-u17-454968,
,Arkansas Legacy FC,Rogers, AR,Premier,https://premier.upsl.com/teams/arkansas-legacy-fc-659445,
,Arkansas Wolves FC,Little Rock, AR,Premier,https://premier.upsl.com/teams/arkansas-wolves-fc-267000,
,Arlington SA,Annandale, VA,Premier,https://premier.upsl.com/teams/arlington-sa-285579,
,Arlington Soccer,Arlington, VA,Premier,https://premier.upsl.com/teams/arlington-soccer-143746,
,AS Frenzi,Lake Mary, FL,Premier,https://premier.upsl.com/teams/as-frenzi-636764,
,ASC Central Cal,Palmdale, CA,Premier,https://premier.upsl.com/teams/asc-central-cal-434959,
,Asheville F.C,Asheville, NC,Premier,https://premier.upsl.com/teams/asheville-f-c-659574,
,Astoria Knights FC,Queens, NY,Division 1,http://division1.upsl.com/teams/astoria-knights-fc-48802,
,Athletic United,Silver Spring, MD,Premier,https://premier.upsl.com/teams/athletic-united-93550,
,Athletum FC U19 Elite,Miami, FL,Division 1,http://division1.upsl.com/teams/athletum-fc-u19-elite-50924,
,Athletum Miami FC U17,Miami, FL,Division 1,http://division1.upsl.com/teams/athletum-miami-fc-u17-87464,
,Athletum Miami FC U19,Miami, FL,Premier,https://premier.upsl.com/teams/athletum-miami-fc-u19-46071,
,Atlanta Athletic FC,Atlanta, GA,Division 1,http://division1.upsl.com/teams/atlanta-athletic-fc-751679,
,Atlanta City FC,Atlanta, GA,Premier,https://premier.upsl.com/teams/atlanta-city-fc-651906,
,Atlanta City FC Reserves,Atlanta, GA,Division 1,http://division1.upsl.com/teams/atlanta-city-fc-reserves-264688,
,Atlanta City FC U17,Atlanta, GA,Division 1,http://division1.upsl.com/teams/atlanta-city-fc-u17-884612,
,Atlanta City FC U23,Lawrenceville, GA,Division 1,http://division1.upsl.com/teams/atlanta-city-fc-u23-622376,
,Atlanta City U17,Atlanta, GA,Academy Boys,http://academyboys.upsl.com/teams/atlanta-city-u17-570606,
,Atlanta Fire United - UPSL,Duluth, GA,Division 1,http://division1.upsl.com/teams/atlanta-fire-united-upsl-603974,
,Atlanta Rovers FC,Marietta, GA,Premier,https://premier.upsl.com/teams/atlanta-rovers-fc-34490,
,Atlanta United Academy,Marietta, GA,Premier,https://premier.upsl.com/teams/atlanta-united-academy-36920,
,Atlas FC NYC,Long Island, NY,Division 1,http://division1.upsl.com/teams/atlas-fc-nyc-249196,
,Atletico Cuscatlan,Las Vegas, NV,Tournament,http://tournament.upsl.com/teams/atletico-cuscatlan-718056,
,Atletico de Madrid Academia Miami,Miami, FL,Division 1,http://division1.upsl.com/teams/atletico-de-madrid-academia-miami-28612,
,Atletico de Madrid Academia Miami,Doral, FL,Division 1,http://division1.upsl.com/teams/atletico-de-madrid-academia-miami-662839,
,Atletico Elite FC,San Diego, CA,Premier,https://premier.upsl.com/teams/atletico-elite-fc-57595,
,Atletico Orlando Academy,Orlando, FL,Division 1,http://division1.upsl.com/teams/atletico-orlando-academy-981236,
,AYSAB Football Club,New York City, NY,Division 1,http://division1.upsl.com/teams/aysab-football-club-488257,
,AYSD D1 Academy,Irvine, CA,Division 1,http://division1.upsl.com/teams/aysd-d1-academy-502419,
,Azteca FC,Merced, CA,Division 1,http://division1.upsl.com/teams/azteca-fc-10674,
,Aztecs Cabrales B2014,San Diego, CA,San Diego RSL,http://sandiegorsl.upsl.com/teams/aztecs-cabrales-b2014-328425,
,Balboa FC,Fort Worth, TX,Division 1,http://division1.upsl.com/teams/balboa-fc-591240,
,Barca Residency Academy USA,Casa Grande, AZ,Premier,https://premier.upsl.com/teams/barca-residency-academy-usa-62816,
,Barcelona Soccer Excellence,Houston, TX,Premier,https://premier.upsl.com/teams/barcelona-soccer-excellence-159122,
,Barcelona Soccer II,Houston, TX,Division 1,http://division1.upsl.com/teams/barcelona-soccer-ii-363378,
,Bay Valley Suns,Pleasanton, CA,Division 1,http://division1.upsl.com/teams/bay-valley-suns-117714,
,Bell County FC,Belton, TX,Division 1,http://division1.upsl.com/teams/bell-county-fc-38709,
,Bellevue Athletic,Bellevue, WA,Premier,https://premier.upsl.com/teams/bellevue-athletic-138454,
,Berber City FC,Chicago, IL,Premier,https://premier.upsl.com/teams/berber-city-fc-212446,
,Borussia Dortmund IA NYC U13,New York City, NY,Academy Boys,http://academyboys.upsl.com/teams/borussia-dortmund-ia-nyc-u13-291600,
,Borussia Dortmund IA NYC U15,New York City, NY,Academy Boys,http://academyboys.upsl.com/teams/borussia-dortmund-ia-nyc-u15-561446,
,Borussia Dortmund IA NYC U17,New York City, NY,Academy Boys,http://academyboys.upsl.com/teams/borussia-dortmund-ia-nyc-u17-120303,
,Boston Athletic Soccer Club,Boston, MA,Academy Boys,http://academyboys.upsl.com/teams/boston-athletic-soccer-club-636488,
,Boston Street FC,Boston, MA,Premier,https://premier.upsl.com/teams/boston-street-fc-994233,
,Brevard SC,Palm Bay , FL,Premier,https://premier.upsl.com/teams/brevard-sc-762278,
,Briar United FC,Raleigh , NC,Division 1,http://division1.upsl.com/teams/briar-united-fc-754777,
,Bridge Sports Club,Laurel, MD,Premier,https://premier.upsl.com/teams/bridge-sports-club-12320,
,BRISHNA FC,New York City, NY,Division 1,http://division1.upsl.com/teams/brishna-fc-931511,
,Brockton FC United,Brockton, MA,Premier,https://premier.upsl.com/teams/brockton-fc-united-587381,
,Brothers United FC,Colorado Springs, CO,Premier,https://premier.upsl.com/teams/brothers-united-fc-54983,
,Bulldogs SC,East Brunswick, NJ,Division 1,http://division1.upsl.com/teams/bulldogs-sc-218315,
,C Legacy United,Anaheim, CA,Premier,https://premier.upsl.com/teams/c-legacy-united-8366,
,C.F. San Rafael,San Rafael, CA,Division 1,http://division1.upsl.com/teams/c-f-san-rafael-598156,
,Cabras Football Club,Dover, NJ,Premier,https://premier.upsl.com/teams/cabras-football-club-92602,
,California Natives FC,San Bernardino, CA,Division 1,http://division1.upsl.com/teams/california-natives-fc-168190,
,California Rush,Huntington Beach, CA,Division 1,http://division1.upsl.com/teams/california-rush-763319,
,California Rush II,Huntington Beach, CA,Division 1,http://division1.upsl.com/teams/california-rush-ii-90087,
,California Rush SC,Huntington Beach , CA,Women,http://women.upsl.com/teams/california-rush-sc-79525,
,California Soccer Club,Pasadena, CA,Division 1,http://division1.upsl.com/teams/california-soccer-club-662627,
,Cap City Futures,Austin, TX,Division 1,http://division1.upsl.com/teams/cap-city-futures-89513,
,Capital City SC,Austin, TX,Premier,https://premier.upsl.com/teams/capital-city-sc-61048,
,Capitol City Futbol Club,Sacramento, CA,Division 1,http://division1.upsl.com/teams/capitol-city-futbol-club-929904,
,Capo FC,CA,Tournament,http://tournament.upsl.com/teams/capo-fc-780340,
,Cavalry UPSL,College Station, TX,Premier,https://premier.upsl.com/teams/cavalry-upsl-192957,
,CBT INTERNATIONAL FC,MIAMI, FL,Division 1,http://division1.upsl.com/teams/cbt-international-fc-937128,
,CD Delfines De Abasolo,Phoenix, AZ,Premier,https://premier.upsl.com/teams/cd-delfines-de-abasolo-56793,
,CD Granite Masters,OH,Premier,https://premier.upsl.com/teams/cd-granite-masters-840734,
,CD Granite Masters,Columbus, OH,Premier,https://premier.upsl.com/teams/cd-granite-masters-253606,
,CD Oakland,Oakland, CA,Premier,https://premier.upsl.com/teams/cd-oakland-82025,
,Celebration Soccer Stars,Celebration, FL,Premier,https://premier.upsl.com/teams/celebration-soccer-stars-478235,
,Center of excellence,Houston, TX,Premier,https://premier.upsl.com/teams/center-of-excellence-687046,
,Central Falls FC,Central Falls , RI,Division 1,http://division1.upsl.com/teams/central-falls-fc-492255,
,Central Texas Coyotes FC,Temple, TX,Division 1,http://division1.upsl.com/teams/central-texas-coyotes-fc-333974,
,Cesena FC USA,Hendon, VA,Division 1,http://division1.upsl.com/teams/cesena-fc-usa-642009,
,CF Cachorros USA,CA,Division 1,http://division1.upsl.com/teams/cf-cachorros-usa-245657,
,Charleston United SC,Charleston, SC,Division 1,http://division1.upsl.com/teams/charleston-united-sc-80977,
,Charlotte Football Club,Charlotte, NC,Premier,https://premier.upsl.com/teams/charlotte-football-club-122755,
,Chelsea Premier Soccer Academy,Brooklyn, NY,Division 1,http://division1.upsl.com/teams/chelsea-premier-soccer-academy-751614,
,Chelsea Premier U13,Brooklyn, NY,Academy Boys,http://academyboys.upsl.com/teams/chelsea-premier-u13-729205,
,Chicago Nation FC,Chicago, IL,Premier,https://premier.upsl.com/teams/chicago-nation-fc-430068,
,Chicago Strikers,Chicago, IL,Premier,https://premier.upsl.com/teams/chicago-strikers-815137,
,Chiriaco FC,Coachella, CA,Premier,https://premier.upsl.com/teams/chiriaco-fc-652089,
,City SC San Diego,Carlsbad. , CA,Premier,https://premier.upsl.com/teams/city-sc-san-diego-335935,
,City SC Temecula,Temecula, CA,Premier,https://premier.upsl.com/teams/city-sc-temecula-602150,
,City Soccer FC,West Palm Beach, FL,Premier,https://premier.upsl.com/teams/city-soccer-fc-957369,
,Clearwater Chargers Academy,Clearwater, FL,Division 1,http://division1.upsl.com/teams/clearwater-chargers-academy-409515,
,Clearwater Chargers SC,Clearwater, FL,Premier,https://premier.upsl.com/teams/clearwater-chargers-sc-521621,
,Clermont FC,Clermont, FL,Division 1,http://division1.upsl.com/teams/clermont-fc-999662,
,Club Garrafones,Los Angeles, CA,Division 1,http://division1.upsl.com/teams/club-garrafones-801386,
,Club Nacional de Football Tampa,Tampa , FL,Division 1,http://division1.upsl.com/teams/club-nacional-de-football-tampa-341800,
,Club The Strongest Atlanta,Gwinnett, GA,Premier,https://premier.upsl.com/teams/club-the-strongest-atlanta-271745,
,Cobras FC,Salt Lake City, UT,Premier,https://premier.upsl.com/teams/cobras-fc-88561,
,Colorado Lobos FC,CO,Premier,https://premier.upsl.com/teams/colorado-lobos-fc-38313,
,Columbus Astray,Columbus, OH,Premier,https://premier.upsl.com/teams/columbus-astray-838328,
,Columbus Crew Academy,Columbus, OH,Premier,https://premier.upsl.com/teams/columbus-crew-academy-470955,
,Combine Academy,Charlotte, NC,Premier,https://premier.upsl.com/teams/combine-academy-60668,
,Coppell FC,Coppell, TX,Premier,https://premier.upsl.com/teams/coppell-fc-381470,
,Coppell FC II,Coppell, TX,Division 1,http://division1.upsl.com/teams/coppell-fc-ii-841484,
,Corinthians FC of San Antonio,TX,Premier,https://premier.upsl.com/teams/corinthians-fc-of-san-antonio-968536,
,Coronado Athletic Club,Sierra Vista, AZ,Premier,https://premier.upsl.com/teams/coronado-athletic-club-944210,
,Coronado Athletic Club II,Sierra Vista, AZ,Division 1,http://division1.upsl.com/teams/coronado-athletic-club-ii-22626,
,Corpus Christi Shakas,Corpus Christi, TX,Premier,https://premier.upsl.com/teams/corpus-christi-shakas-426887,
,Covered Bridge Soccer Club,Euharlee Ga, Cumming GA, Marietta GA, GA,Division 1,http://division1.upsl.com/teams/covered-bridge-soccer-club-55957,
,Craq,Orange, CA,Division 1,http://division1.upsl.com/teams/craq-707819,
,Cruizers FC,Modesto, CA,Premier,https://premier.upsl.com/teams/cruizers-fc-978900,
,Culver City FC,Culver, CA,Premier,https://premier.upsl.com/teams/culver-city-fc-619209,
,Culver City FC U13,CA,Academy Boys,http://academyboys.upsl.com/teams/culver-city-fc-u13-903446,
,D10 Lions FC,Houston, TX,Division 1,http://division1.upsl.com/teams/d10-lions-fc-140216,
,Dade County FC,Miami, FL,Premier,https://premier.upsl.com/teams/dade-county-fc-590978,
,Dade County FC U23,Miami, FL,Division 1,http://division1.upsl.com/teams/dade-county-fc-u23-239806,
,Dade County FC Women,FL,Women,http://women.upsl.com/teams/dade-county-fc-women-670884,
,Dallas Deportivo FC,Dallas, TX,Premier,https://premier.upsl.com/teams/dallas-deportivo-fc-886095,
,Dalton United,Dalton, GA,Premier,https://premier.upsl.com/teams/dalton-united-824188,
,Davis Legacy,Davis, CA,Premier,https://premier.upsl.com/teams/davis-legacy-94186,
,DC United U19,Washington DC, DC,Premier,https://premier.upsl.com/teams/dc-united-u19-826521,
,De Deacon F.C,Raleigh, NC,Division 1,http://division1.upsl.com/teams/de-deacon-f-c-651213,
,Deportivo Lake Mary,Lake Mary, FL,Premier,https://premier.upsl.com/teams/deportivo-lake-mary-56080,
,Deportivo Rose City,Portland, OR,Premier,https://premier.upsl.com/teams/deportivo-rose-city-58772,
,Detroit United,Farmington Hills, MI,Premier,https://premier.upsl.com/teams/detroit-united-54172,
,Disciples FC,Fullerton, CA,Division 1,http://division1.upsl.com/teams/disciples-fc-81880,
,Dixon Leon SC,Dixon, CA,Division 1,http://division1.upsl.com/teams/dixon-leon-sc-231134,
,Downtown Los Angeles,Los Angeles, CA,Division 1,http://division1.upsl.com/teams/downtown-los-angeles-657486,
,Downtown Los Angeles South Bay Division 1,Los Angeles, CA,Division 1,http://division1.upsl.com/teams/downtown-los-angeles-south-bay-division-1-546632,
,Downtown Los Angeles U15 Purple,Los Angeles, CA,Academy Boys,http://academyboys.upsl.com/teams/downtown-los-angeles-u15-purple-217570,
,Downtown Los Angeles U15 White,Los Angeles, CA,Academy Boys,http://academyboys.upsl.com/teams/downtown-los-angeles-u15-white-36984,
,Downtown Los Angeles U17,Los Angeles, CA,Academy Boys,http://academyboys.upsl.com/teams/downtown-los-angeles-u17-609832,
,Dream FC,Gaithersburg, MD,Premier,https://premier.upsl.com/teams/dream-fc-870513,
,DV7 Academy U13,Queens, New York, NY,Academy Boys,http://academyboys.upsl.com/teams/dv7-academy-u13-518845,
,Eagles Football Club,Grand Island Nebraska, NE,Premier,https://premier.upsl.com/teams/eagles-football-club-4352,
,East Coast FC,Long Island, NY,Division 1,http://division1.upsl.com/teams/east-coast-fc-560305,
,East County Revolution FC,Brentwood, CA,Premier,https://premier.upsl.com/teams/east-county-revolution-fc-164477,
,East Lake Soccer FC,Chula Vista, CA,Premier,https://premier.upsl.com/teams/east-lake-soccer-fc-367920,
,El Paso Rush ACM3,El Paso, TX,Premier,https://premier.upsl.com/teams/el-paso-rush-acm3-718034,
,El Paso Surf,El Paso, TX,Premier,https://premier.upsl.com/teams/el-paso-surf-414359,
,Elite Players Center,Brooklyn , NY,Division 1,http://division1.upsl.com/teams/elite-players-center-985956,
,Elk Grove Blues,Elk Grove, CA,Premier,https://premier.upsl.com/teams/elk-grove-blues-76194,
,Empire SC,Weston, FL,Division 1,http://division1.upsl.com/teams/empire-sc-280203,
,Empire Surf,Temecula, CA,Women,http://women.upsl.com/teams/empire-surf-164589,
,Emporia F.C.,Emporia, KS,Premier,https://premier.upsl.com/teams/emporia-f-c-904988,
,Escondido FC,Escondido, CA,Premier,https://premier.upsl.com/teams/escondido-fc-64042,
,FADP Footballers Academy,Lake Elsinore, CA,Division 1,http://division1.upsl.com/teams/fadp-footballers-academy-28503,
,FBS FC,Miami, FL,Division 1,http://division1.upsl.com/teams/fbs-fc-45830,
,FC Arizona,Chandler, AZ,Premier,https://premier.upsl.com/teams/fc-arizona-82996,
,FC Arizona D1,Chandler, AZ,Division 1,http://division1.upsl.com/teams/fc-arizona-d1-476066,
,FC Atlanta Academy,Atlanta, GA,Division 1,http://division1.upsl.com/teams/fc-atlanta-academy-14586,
,FC Berlin,Buffalo, NY,Premier,https://premier.upsl.com/teams/fc-berlin-91973,
,FC Birmingham,Birmingham, AL,Premier,https://premier.upsl.com/teams/fc-birmingham-60995,
,FC Birmingham Academy,AL,Division 1,http://division1.upsl.com/teams/fc-birmingham-academy-151709,
,FC Birmingham II,Birmingham, AL,Division 1,http://division1.upsl.com/teams/fc-birmingham-ii-511280,
,FC Caliber,Federal Way, WA,Premier,https://premier.upsl.com/teams/fc-caliber-480638,
,FC Cincinnati Academy,Cincinnati, OH,Premier,https://premier.upsl.com/teams/fc-cincinnati-academy-315147,
,FC Dallas Academy,Frisco, TX,Premier,https://premier.upsl.com/teams/fc-dallas-academy-559915,
,FC Dallas Dynamo,Dallas, TX,Premier,https://premier.upsl.com/teams/fc-dallas-dynamo-224819,
,FC Davis,Davis, CA,Premier,https://premier.upsl.com/teams/fc-davis-334848,
,FC Folsom,Folsom, CA,Premier,https://premier.upsl.com/teams/fc-folsom-637327,
,FC Fuego,Sierra Vista , AZ,Division 1,http://division1.upsl.com/teams/fc-fuego-271175,
,FC Hurst United,Hurst, TX,Division 1,http://division1.upsl.com/teams/fc-hurst-united-929934,
,FC Juarez Academy,San Bernardino, CA,Division 1,http://division1.upsl.com/teams/fc-juarez-academy-278123,
,FC Juarez Academy CYSA,San Bernardino, CA,Women,http://women.upsl.com/teams/fc-juarez-academy-cysa-412419,
,Fc Juarez Academy CYSA U15,CA,Academy Boys,http://academyboys.upsl.com/teams/fc-juarez-academy-cysa-u15-774579,
,Fc Juarez Academy Leoncitos U13,CA,Academy Boys,http://academyboys.upsl.com/teams/fc-juarez-academy-leoncitos-u13-953799,
,Fc Juarez Academy SB U13,CA,Academy Boys,http://academyboys.upsl.com/teams/fc-juarez-academy-sb-u13-963529,
,FC Revolution,Fort Worth, TX,Division 1,http://division1.upsl.com/teams/fc-revolution-853043,
,FD Football Club,Orlando, FL,Division 1,http://division1.upsl.com/teams/fd-football-club-734305,
,Field Of Dreams FC,Winchester, MA,Division 1,http://division1.upsl.com/teams/field-of-dreams-fc-596145,
,FISA Elite,Sarasota, FL,Premier,https://premier.upsl.com/teams/fisa-elite-134819,
,Flatirons Rush Academy,Superior, CO,Premier,https://premier.upsl.com/teams/flatirons-rush-academy-391641,
,Florida,Saint Petersburg, FL,Academy Boys,http://academyboys.upsl.com/teams/florida-455957,
,Florida Futbol Club,Miami Gardens, FL,Division 1,http://division1.upsl.com/teams/florida-futbol-club-850130,
,Florida Premier FC,Tampa, FL,Premier,https://premier.upsl.com/teams/florida-premier-fc-22420,
,Florida Soccer Soldiers,Miami, FL,Premier,https://premier.upsl.com/teams/florida-soccer-soldiers-234861,
,Florida Soccer Soldiers,Miramar, FL,Premier,https://premier.upsl.com/teams/florida-soccer-soldiers-64114,
,Florida United Soccer Club,Davie, FL,Women,http://women.upsl.com/teams/florida-united-soccer-club-172542,
,Footy FC,Euless, TX,Division 1,http://division1.upsl.com/teams/footy-fc-999298,
,Foro 360 Reserves,Dallas, TX,Division 1,http://division1.upsl.com/teams/foro-360-reserves-268810,
,Foro Soccer Club,Dallas, TX,Premier,https://premier.upsl.com/teams/foro-soccer-club-89814,
,Fountain City FC,Columbus, GA,Division 1,http://division1.upsl.com/teams/fountain-city-fc-793393,
,Fox Soccer Academy,Warwick, NY,Academy Boys,http://academyboys.upsl.com/teams/fox-soccer-academy-913940,
,Frederick Kings FC,Frederick, MD,Division 1,http://division1.upsl.com/teams/frederick-kings-fc-206475,
,Frederick Skyline CF,Frederick, MD,Premier,https://premier.upsl.com/teams/frederick-skyline-cf-98171,
,Frederick Spires FC,Frederick, MD,Premier,https://premier.upsl.com/teams/frederick-spires-fc-583835,
,FSA Pro,Warwick, NY,Premier,https://premier.upsl.com/teams/fsa-pro-74481,
,FSA SPORT,Morristown , NJ,Academy Boys,http://academyboys.upsl.com/teams/fsa-sport-975116,
,Furati United FC,Tulsa, OK,Premier,https://premier.upsl.com/teams/furati-united-fc-929903,
,Furati United FC,Tulsa, OK,Premier,https://premier.upsl.com/teams/furati-united-fc-563705,
,Fury FC,Fayetteville, NC,Premier,https://premier.upsl.com/teams/fury-fc-685441,
,Fut Ohio SC,Columbus, OH,Premier,https://premier.upsl.com/teams/fut-ohio-sc-149983,
,Future FC,Corona, CA,Women,http://women.upsl.com/teams/future-fc-690639,
,Future Soccer Academy,Tenafly, NJ,Division 1,http://division1.upsl.com/teams/future-soccer-academy-743097,
,Gaffer FC,Corning, NY,Division 1,http://division1.upsl.com/teams/gaffer-fc-399891,
,Galaxy 2012,San Diego, CA,San Diego RSL,http://sandiegorsl.upsl.com/teams/galaxy-2012-864111,
,Galo FC,Long Island, NY,Division 1,http://division1.upsl.com/teams/galo-fc-640263,
,Gastonia FC,Gastonia, NC,Division 1,http://division1.upsl.com/teams/gastonia-fc-910478,
,Gate City FC,lowell, MA,Premier,https://premier.upsl.com/teams/gate-city-fc-679268,
,Gatorville FC,Gainesville, FL,Division 1,http://division1.upsl.com/teams/gatorville-fc-590007,
,Georgia Athletic Soccer Club,Lawrenceville, GA,Division 1,http://division1.upsl.com/teams/georgia-athletic-soccer-club-361498,
,Georgia Impact SC,Canton, GA,Division 1,http://division1.upsl.com/teams/georgia-impact-sc-120703,
,Georgia Revolution FC U23,McDonough, GA,Division 1,http://division1.upsl.com/teams/georgia-revolution-fc-u23-540539,
,Germantown City FC,Germantown, MD,Premier,https://premier.upsl.com/teams/germantown-city-fc-22608,
,Gladiadores FCMX U15,Los Angeles , CA,Academy Boys,http://academyboys.upsl.com/teams/gladiadores-fcmx-u15-390781,
,Golden Ball Soccer Academy,CHESAPEAKE, VA,Premier,https://premier.upsl.com/teams/golden-ball-soccer-academy-23913,
,Golden Eagles FC B2010,San Diego, CA,San Diego RSL,http://sandiegorsl.upsl.com/teams/golden-eagles-fc-b2010-483013,
,Golden Goal Soccer,Ocoee, FL,Division 1,http://division1.upsl.com/teams/golden-goal-soccer-721954,
,GOSA Academy U15,FL,Academy Boys,http://academyboys.upsl.com/teams/gosa-academy-u15-750095,
,Granite City FC,St. Cloud, MN,Premier,https://premier.upsl.com/teams/granite-city-fc-404277,
,Granite City FC 2,St. Cloud, MN,Division 1,http://division1.upsl.com/teams/granite-city-fc-2-535743,
,Granite City FC Women,St. Cloud, MN,Women,http://women.upsl.com/teams/granite-city-fc-women-682358,
,Greater Binghamton FC,Binghamton, NY,Premier,https://premier.upsl.com/teams/greater-binghamton-fc-857754,
,Greater Binghamton FC,Binghamton, NY,Women,http://women.upsl.com/teams/greater-binghamton-fc-635206,
,Greater Orlando Soccer Academy YF,Altamonte Springs , FL,Premier,https://premier.upsl.com/teams/greater-orlando-soccer-academy-yf-725606,
,Greater Orlando Soccer Academy YF - Premier,Orlando, FL,Premier,https://premier.upsl.com/teams/greater-orlando-soccer-academy-yf-premier-731612,
,Gremio Chicago U15,Chicago, IL,Academy Boys,http://academyboys.upsl.com/teams/gremio-chicago-u15-128882,
,Gremio Chicago U17,Chicago, IL,Academy Boys,http://academyboys.upsl.com/teams/gremio-chicago-u17-550633,
,Gremio FC Utah,Salt Lake City, UT,Premier,https://premier.upsl.com/teams/gremio-fc-utah-889191,
,Gremio FC Utah II,Salt Lake City, UT,Division 1,http://division1.upsl.com/teams/gremio-fc-utah-ii-330816,
,Gremio FC Utah U15,Salt Lake City, UT,Academy Boys,http://academyboys.upsl.com/teams/gremio-fc-utah-u15-419855,
,Gremio FC Utah U18,Salt Lake City, UT,Academy Boys,http://academyboys.upsl.com/teams/gremio-fc-utah-u18-296021,
,Griffin United SC,NY,Division 1,http://division1.upsl.com/teams/griffin-united-sc-493353,
,Griffin United SC U15,NY,Academy Boys,http://academyboys.upsl.com/teams/griffin-united-sc-u15-905932,
,Griffin United SC U17,NY,Academy Boys,http://academyboys.upsl.com/teams/griffin-united-sc-u17-891068,
,Grove Soccer United,Richmond, VA,Premier,https://premier.upsl.com/teams/grove-soccer-united-218773,
,GZS Bridgeport FC,Bridgeport, CT,Premier,https://premier.upsl.com/teams/gzs-bridgeport-fc-961468,
,Hamtramck City FC,Hamtramck, MI,Premier,https://premier.upsl.com/teams/hamtramck-city-fc-49468,
,Hamtramck City FC,Hamtramck, MI,Premier,https://premier.upsl.com/teams/hamtramck-city-fc-668418,
,Harbor City FC,Melbourne, FL,Premier,https://premier.upsl.com/teams/harbor-city-fc-260506,
,Hartford Athletic U19,Hartford, CT,Premier,https://premier.upsl.com/teams/hartford-athletic-u19-831745,
,HIALEAH CITY FOOTBALL CLUB,HIALEAH, FL,Division 1,http://division1.upsl.com/teams/hialeah-city-football-club-305005,
,HIGH SOCCER PROSPECTS,ORLANDO, FL,Division 1,http://division1.upsl.com/teams/high-soccer-prospects-119648,
,High Soccer Prospects,Orlando, FL,Division 1,http://division1.upsl.com/teams/high-soccer-prospects-91955,
,Hodler FC,Doral , FL,Division 1,http://division1.upsl.com/teams/hodler-fc-367742,
,Hodler Miami Fc,Doral , FL,Premier,https://premier.upsl.com/teams/hodler-miami-fc-450321,
,Hodler Miami FC II,Doral, FL,Division 1,http://division1.upsl.com/teams/hodler-miami-fc-ii-28014,
,Holac FC,Seattle, WA,Premier,https://premier.upsl.com/teams/holac-fc-98593,
,Hope 4 Athletes Academy,Ringgold, GA,Division 1,http://division1.upsl.com/teams/hope-4-athletes-academy-117513,
,Houston Dynamo Academy,Houston, TX,Premier,https://premier.upsl.com/teams/houston-dynamo-academy-45787,
,Houston FC,Houston, TX,Premier,https://premier.upsl.com/teams/houston-fc-55204,
,Houston FC II,Houston, TX,Division 1,http://division1.upsl.com/teams/houston-fc-ii-86994,
,Houston reVision,Houston, TX,Premier,https://premier.upsl.com/teams/houston-revision-15396,
,Huracan Valley U17,CA,Academy Boys,http://academyboys.upsl.com/teams/huracan-valley-u17-200579,
,Icemen FC,Fairbanks, AK,Division 1,http://division1.upsl.com/teams/icemen-fc-132142,
,Icemen FC Women,Fairbanks, AK,Women,http://women.upsl.com/teams/icemen-fc-women-550197,
,Idaho Cutthroats FC,Boise, ID,Premier,https://premier.upsl.com/teams/idaho-cutthroats-fc-46738,
,Idaho Cutthroats FC,Boise, ID,Women,http://women.upsl.com/teams/idaho-cutthroats-fc-533289,
,Idaho Cutthroats FC II,Boise, ID,Division 1,http://division1.upsl.com/teams/idaho-cutthroats-fc-ii-513004,
,IMG Academy,BRADENTON, FL,Premier,https://premier.upsl.com/teams/img-academy-667266,
,Impact BA05,Salt Lake City, UT,Division 1,http://division1.upsl.com/teams/impact-ba05-947108,
,Impact BA05,Salt Lake City, UT,Division 1,http://division1.upsl.com/teams/impact-ba05-676039,
,Impact City FC 2008 Blue,Palm Beach Gardens, FL,Academy Boys,http://academyboys.upsl.com/teams/impact-city-fc-2008-blue-102141,
,Impact United SC,Salt Lake City, UT,Division 1,http://division1.upsl.com/teams/impact-united-sc-957787,
,Impact United SC U15,UT,Academy Boys,http://academyboys.upsl.com/teams/impact-united-sc-u15-984544,
,Impact United U18 Black,UT,Academy Boys,http://academyboys.upsl.com/teams/impact-united-u18-black-833722,
,Impact United U18 White,UT,Academy Boys,http://academyboys.upsl.com/teams/impact-united-u18-white-674714,
,Increibles U19,San Diego, CA,San Diego RSL,http://sandiegorsl.upsl.com/teams/increibles-u19-786051,
,Indios Denver FC,Denver, CO,Premier,https://premier.upsl.com/teams/indios-denver-fc-322449,
,Indy Gladiators SC,Indianapolis, IN,Premier,https://premier.upsl.com/teams/indy-gladiators-sc-328567,
,Inglewood Soccer Club U17,Inglewood, CA,Academy Boys,http://academyboys.upsl.com/teams/inglewood-soccer-club-u17-859862,
,Inland Empire FC,San Bernardino, CA,Division 1,http://division1.upsl.com/teams/inland-empire-fc-89987,
,Inland Empire FC,San Bernardino, CA,Division 1,http://division1.upsl.com/teams/inland-empire-fc-856144,
,Inter City FC,Fort Meyers, FL,Premier,https://premier.upsl.com/teams/inter-city-fc-808553,
,Inter Detroit,Oakland County, MI,Premier,https://premier.upsl.com/teams/inter-detroit-54582,
,Inter Miami CF Academy,Miami, FL,Premier,https://premier.upsl.com/teams/inter-miami-cf-academy-475939,
,International FC,El Paso, TX,Premier,https://premier.upsl.com/teams/international-fc-739577,
,Invictus FC,Central New York, NY,Premier,https://premier.upsl.com/teams/invictus-fc-884103,
,Ironbound Soccer Club,Newark, NJ,Division 1,http://division1.upsl.com/teams/ironbound-soccer-club-863853,
,Irvine FC,Irvine, CA,Division 1,http://division1.upsl.com/teams/irvine-fc-65803,
,ISA,Boca Raton, FL,Premier,https://premier.upsl.com/teams/isa-632826,
,ISA Schulz,Boca Raton, FL,Division 1,http://division1.upsl.com/teams/isa-schulz-31018,
,ISA U15,Boca Raton, FL,Academy Boys,http://academyboys.upsl.com/teams/isa-u15-127984,
,ISA U17,Boca Raton, FL,Academy Boys,http://academyboys.upsl.com/teams/isa-u17-381898,
,Island United A.C,Miami, FL,Division 1,http://division1.upsl.com/teams/island-united-a-c-316485,
,Island United AC,Miami, FL,Division 1,http://division1.upsl.com/teams/island-united-ac-933111,
,Ives Estates Thunder SC,Aventura, FL,Division 1,http://division1.upsl.com/teams/ives-estates-thunder-sc-82925,
,Jackson Lions Fc,Jackson , NJ,Premier,https://premier.upsl.com/teams/jackson-lions-fc-950851,
,Jackson Tennessee Boom,Jackson, TN,Premier,https://premier.upsl.com/teams/jackson-tennessee-boom-480613,
,Jacksonville FC,Jacksonville, FL,Premier,https://premier.upsl.com/teams/jacksonville-fc-52788,
,Jaguars United FC,Everett, MA,Premier,https://premier.upsl.com/teams/jaguars-united-fc-910573,
,Jaguars United FC II,Everett, MA,Division 1,http://division1.upsl.com/teams/jaguars-united-fc-ii-325003,
,Jaguars United FC U17,Everett, MA,Academy Boys,http://academyboys.upsl.com/teams/jaguars-united-fc-u17-774984,
,James Island Soccer Club,Charleston, SC,Premier,https://premier.upsl.com/teams/james-island-soccer-club-193246,
,Javier Velasco Soccer Academy U15,NJ,Academy Boys,http://academyboys.upsl.com/teams/javier-velasco-soccer-academy-u15-605113,
,Javier Velasco Soccer Academy U17,Metuchen, NJ,Academy Boys,http://academyboys.upsl.com/teams/javier-velasco-soccer-academy-u17-73646,
,JETSETV F.C.,Lake Park, FL,Division 1,http://division1.upsl.com/teams/jetsetv-f-c-976538,
,JETSETV FC,Lake Park, FL,Division 1,http://division1.upsl.com/teams/jetsetv-fc-751132,
,Jewel City United U15,Glendale, CA,Academy Boys,http://academyboys.upsl.com/teams/jewel-city-united-u15-38623,
,Joy Athletic Club,St Louis Park , MN,Division 1,http://division1.upsl.com/teams/joy-athletic-club-120624,
,Juarez Academy U15,CA,Academy Boys,http://academyboys.upsl.com/teams/juarez-academy-u15-301249,
,Junction 29,American Canyon, CA,Division 1,http://division1.upsl.com/teams/junction-29-120208,
,Juventus Academy Miami,Miami, FL,Division 1,http://division1.upsl.com/teams/juventus-academy-miami-182776,
,Kalonji Pro-Profile,Lawrenceville, GA,Premier,https://premier.upsl.com/teams/kalonji-pro-profile-13080,
,Kalonji Soccer Academy Women,Dacula, GA,Women,http://women.upsl.com/teams/kalonji-soccer-academy-women-567862,
,Kaptiva Sports Academy,Houston, TX,Premier,https://premier.upsl.com/teams/kaptiva-sports-academy-307379,
,Kaptiva Sports Academy II,Houston, TX,Division 1,http://division1.upsl.com/teams/kaptiva-sports-academy-ii-13320,
,Kilimanjaro Bandits FC,Buffalo, NY,Premier,https://premier.upsl.com/teams/kilimanjaro-bandits-fc-546140,
,KO Elites FC,Hartford , CT,Division 1,http://division1.upsl.com/teams/ko-elites-fc-126549,
,KS Wisloka Chicago,Chicago, IL,Premier,https://premier.upsl.com/teams/ks-wisloka-chicago-603315,
,LA Galaxy Academy,Carson, CA,Premier,https://premier.upsl.com/teams/la-galaxy-academy-768105,
,La Maquina 2009,San Diego, CA,San Diego RSL,http://sandiegorsl.upsl.com/teams/la-maquina-2009-990275,
,La Maquina FC,Fountain Valley, CA,Division 1,http://division1.upsl.com/teams/la-maquina-fc-25192,
,LAFC Academy,Los Angeles, CA,Premier,https://premier.upsl.com/teams/lafc-academy-785107,
,Laguna United FC,Laguna Niguel, CA,Premier,https://premier.upsl.com/teams/laguna-united-fc-27610,
,Lake FC,Zion, IL,Premier,https://premier.upsl.com/teams/lake-fc-844126,
,Lake FC U15,Chicago, IL,Academy Boys,http://academyboys.upsl.com/teams/lake-fc-u15-224617,
,Lake FC U17,Chicago, IL,Academy Boys,http://academyboys.upsl.com/teams/lake-fc-u17-997710,
,Lakeland United,Lakeland, FL,Premier,https://premier.upsl.com/teams/lakeland-united-83086,
,Lakeland United II,Lakeland, FL,Division 1,http://division1.upsl.com/teams/lakeland-united-ii-813166,
,Lancaster FC,Lancaster, PA,Premier,https://premier.upsl.com/teams/lancaster-fc-39684,
,Lancaster FC II,Lancaster, PA,Division 1,http://division1.upsl.com/teams/lancaster-fc-ii-631567,
,Laredo Heat SC,Laredo, TX,Premier,https://premier.upsl.com/teams/laredo-heat-sc-895831,
,Las Estrellas Football Club,West Los Angeles , CA,Women,http://women.upsl.com/teams/las-estrellas-football-club-746323,
,Las Vegas Legends 2,Las Vegas, NV,Premier,https://premier.upsl.com/teams/las-vegas-legends-2-261376,
,Las Vegas Mobsters,Las Vegas, NV,Premier,https://premier.upsl.com/teams/las-vegas-mobsters-198791,
,Las Vegas mobsters,Las vegas , NV,Tournament,http://tournament.upsl.com/teams/las-vegas-mobsters-760829,
,Las Vegas Quicksilvers,Las Vegas, NV,Premier,https://premier.upsl.com/teams/las-vegas-quicksilvers-192678,
,Las Vegas Quicksilvers Soccer Club,Las Vegas, NV,Tournament,http://tournament.upsl.com/teams/las-vegas-quicksilvers-soccer-club-317323,
,Las Vegas United,Las Vegas, NV,Premier,https://premier.upsl.com/teams/las-vegas-united-109795,
,Las Vegas United Football Club,Las Vegas, NV,Tournament,http://tournament.upsl.com/teams/las-vegas-united-football-club-888519,
,LDUQ-USA Pro FC U13,Montvale, NJ,Academy Boys,http://academyboys.upsl.com/teams/lduq-usa-pro-fc-u13-395711,
,LDUQ-USA Pro FC U15,Montvale, NJ,Academy Boys,http://academyboys.upsl.com/teams/lduq-usa-pro-fc-u15-995899,
,LDUQ-USA Pro FC U17,Montvale, NJ,Academy Boys,http://academyboys.upsl.com/teams/lduq-usa-pro-fc-u17-522720,
,Leg-AZ U15,,Academy Boys,http://academyboys.upsl.com/teams/leg-az-u15-138627,
,Leg-AZ World FC,Gainesville, FL,Premier,https://premier.upsl.com/teams/leg-az-world-fc-873298,
,Leg-AZ World II,Gainesville, FL,Division 1,http://division1.upsl.com/teams/leg-az-world-ii-250518,
,Legends FC,LaGrange, GA,Premier,https://premier.upsl.com/teams/legends-fc-127711,
,Legends FC II,LaGrange, GA,Division 1,http://division1.upsl.com/teams/legends-fc-ii-47308,
,Legends Ruiz B2008,San Diego, CA,San Diego RSL,http://sandiegorsl.upsl.com/teams/legends-ruiz-b2008-885207,
,LGSA Reserves,Norcross, GA,Division 1,http://division1.upsl.com/teams/lgsa-reserves-80787,
,Liberty FC,Fayetteville, NC,Division 1,http://division1.upsl.com/teams/liberty-fc-10133,
,Limeno Georgia D.1,Norcross, GA,Division 1,http://division1.upsl.com/teams/limeno-georgia-d-1-71371,
,Limeno Georgia U16,Norcross, GA,Academy Boys,http://academyboys.upsl.com/teams/limeno-georgia-u16-71395,
,Limeno Georgia U17,Norcross, GA,Academy Boys,http://academyboys.upsl.com/teams/limeno-georgia-u17-286422,
,Limeno Georgia U19,Norcross, GA,Division 1,http://division1.upsl.com/teams/limeno-georgia-u19-740905,
,Limeno Women,Norcross, GA,Women,http://women.upsl.com/teams/limeno-women-555521,
,Lions FC U17,CA,Academy Boys,http://academyboys.upsl.com/teams/lions-fc-u17-319299,
,Little Haiti FC,Miami, FL,Premier,https://premier.upsl.com/teams/little-haiti-fc-621753,
,Little Haiti FC Womens,Miami, FL,Women,http://women.upsl.com/teams/little-haiti-fc-womens-894741,
,Little Rock Rangers SC U23,Little Rock, AR,Premier,https://premier.upsl.com/teams/little-rock-rangers-sc-u23-271434,
,Liverpool FC International Academy SoCal,Irvine, CA,Academy Boys,http://academyboys.upsl.com/teams/liverpool-fc-international-academy-socal-419293,
,Liverpool International U13,CA,Academy Boys,http://academyboys.upsl.com/teams/liverpool-international-u13-536742,
,Liverpool International U13 II,Irvine, CA,Academy Boys,http://academyboys.upsl.com/teams/liverpool-international-u13-ii-274073,
,Liverpool International U15,CA,Academy Boys,http://academyboys.upsl.com/teams/liverpool-international-u15-636425,
,Liverpool International U17,CA,Academy Boys,http://academyboys.upsl.com/teams/liverpool-international-u17-710772,
,Lobos Santa Ana U17,Santa Ana, CA,Academy Boys,http://academyboys.upsl.com/teams/lobos-santa-ana-u17-656679,
,Lockport Soccer Club U15,Chicago, IL,Academy Boys,http://academyboys.upsl.com/teams/lockport-soccer-club-u15-151826,
,Lockport Soccer Club U17,Chicago, IL,Academy Boys,http://academyboys.upsl.com/teams/lockport-soccer-club-u17-959932,
,Lonestar SC,Austin, TX,Premier,https://premier.upsl.com/teams/lonestar-sc-914597,
,Long Island Premier FC,Long Island, NY,Division 1,http://division1.upsl.com/teams/long-island-premier-fc-563440,
,Los Angeles Red Devils,Los Angeles, CA,Tournament,http://tournament.upsl.com/teams/los-angeles-red-devils-373259,
,LS FC,PORTLAND, ME,Division 1,http://division1.upsl.com/teams/ls-fc-480325,
,Lynchburg FC,Lynchburg, VA,Premier,https://premier.upsl.com/teams/lynchburg-fc-33621,
,Mako Soccer Club,Port St. Lucie, FL,Premier,https://premier.upsl.com/teams/mako-soccer-club-36876,
,Manitou FC,White Bear Lake, MN,Division 1,http://division1.upsl.com/teams/manitou-fc-636667,
,Maplebrook 58ers,Maple Grove, MN,Premier,https://premier.upsl.com/teams/maplebrook-58ers-760259,
,Marlex Soccer Academy,Orlando, FL,Division 1,http://division1.upsl.com/teams/marlex-soccer-academy-681938,
,Marlex Soccer FC,Orlando, FL,Premier,https://premier.upsl.com/teams/marlex-soccer-fc-955921,
,Marlex Soccer U23,ORLANDO, FL,Academy Boys,http://academyboys.upsl.com/teams/marlex-soccer-u23-449311,
,Maryland Bobcats FC U23,Montgomery County, MD,Premier,https://premier.upsl.com/teams/maryland-bobcats-fc-u23-394909,
,MCSC Jaguars,Salinas, CA,Women,http://women.upsl.com/teams/mcsc-jaguars-252909,
,MD Alliance,Laurel, MD,Premier,https://premier.upsl.com/teams/md-alliance-46164,
,MD United,Bethesda, MD,Premier,https://premier.upsl.com/teams/md-united-32063,
,Merced United FC,Merced, CA,Division 1,http://division1.upsl.com/teams/merced-united-fc-376087,
,Merced United FC Reserves,Merced, CA,Division 1,http://division1.upsl.com/teams/merced-united-fc-reserves-850866,
,Merchants FC,New York , NY,Division 1,http://division1.upsl.com/teams/merchants-fc-627079,
,Metasport FC,Bountiful, UT,Division 1,http://division1.upsl.com/teams/metasport-fc-730941,
,MetaSport FC,Bountiful, UT,Academy Boys,http://academyboys.upsl.com/teams/metasport-fc-202573,
,Mi Tierra Latina,Tampa, FL,Tournament,http://tournament.upsl.com/teams/mi-tierra-latina-71685,
,Miami Rush Kendall SC,Miami, FL,Premier,https://premier.upsl.com/teams/miami-rush-kendall-sc-485258,
,Miami Sun FC U15,Miami, FL,Academy Boys,http://academyboys.upsl.com/teams/miami-sun-fc-u15-781382,
,Miami Sun FC U17,Miami, FL,Academy Boys,http://academyboys.upsl.com/teams/miami-sun-fc-u17-179681,
,Miami Sun FC U23,Miami, FL,Division 1,http://division1.upsl.com/teams/miami-sun-fc-u23-18598,
,Midcities Football Club,Euless, TX,Division 1,http://division1.upsl.com/teams/midcities-football-club-444428,
,Middle Georgia United FC,Macon, GA,Division 1,http://division1.upsl.com/teams/middle-georgia-united-fc-208755,
,Milan de Miami Academy,Miami, FL,Division 1,http://division1.upsl.com/teams/milan-de-miami-academy-396881,
,Milan De Miami FC,Miami, FL,Division 1,http://division1.upsl.com/teams/milan-de-miami-fc-813249,
,Milan U16,San Diego, CA,San Diego RSL,http://sandiegorsl.upsl.com/teams/milan-u16-569910,
,Minnesota TwinStars Fc,Maplegrove , MN,Women,http://women.upsl.com/teams/minnesota-twinstars-fc-189589,
,Mint Hill FC,Mint Hill, NC,Premier,https://premier.upsl.com/teams/mint-hill-fc-857637,
,Miramar Supreme FC,Miramar, FL,Division 1,http://division1.upsl.com/teams/miramar-supreme-fc-381023,
,Miramar United Elite FC,Miami, FL,Premier,https://premier.upsl.com/teams/miramar-united-elite-fc-127545,
,Missouri Park FC,Independence , MO,Premier,https://premier.upsl.com/teams/missouri-park-fc-79898,
,Mix Sports Club,FL,Tournament,http://tournament.upsl.com/teams/mix-sports-club-890400,
,MoCo 1776 FC,Montgomery County, MD,Premier,https://premier.upsl.com/teams/moco-1776-fc-928397,
,Mojica FC U17,,Academy Boys,http://academyboys.upsl.com/teams/mojica-fc-u17-329037,
,Motive FC,Austin, TX,Division 1,http://division1.upsl.com/teams/motive-fc-343640,
,MSI,Rockville, MD,Division 1,http://division1.upsl.com/teams/msi-517339,
,Murrieta Soccer Academy,Temecula, CA,Premier,https://premier.upsl.com/teams/murrieta-soccer-academy-55222,
,Napa Valley 1839 FC,Napa, CA,Premier,https://premier.upsl.com/teams/napa-valley-1839-fc-3970,
,Napa Valley 1839 Womens,Napa, CA,Women,http://women.upsl.com/teams/napa-valley-1839-womens-749959,
,Naples Captains SC,Naples, FL,Premier,https://premier.upsl.com/teams/naples-captains-sc-897088,
,Naples Captains Womens,Naples, FL,Women,http://women.upsl.com/teams/naples-captains-womens-496070,
,Naples City FC,Naples City , FL,Premier,https://premier.upsl.com/teams/naples-city-fc-972588,
,Naples City FC - Women,Naples, FL,Women,http://women.upsl.com/teams/naples-city-fc-women-550788,
,Naples City FC D.1,Naples City , FL,Division 1,http://division1.upsl.com/teams/naples-city-fc-d-1-27548,
,Nashville Knights FC,Madison, TN,Premier,https://premier.upsl.com/teams/nashville-knights-fc-8986,
,NASHVILLENOWSOCCER365,NASHVILLE, TN,Premier,https://premier.upsl.com/teams/nashvillenowsoccer365-826536,
,NC Ballers FC,Charlotte, NC,Division 1,http://division1.upsl.com/teams/nc-ballers-fc-101791,
,New York Titans FC,Brooklyn, NY,Academy Boys,http://academyboys.upsl.com/teams/new-york-titans-fc-722796,
,New Haven City SC,New Haven, CT,Division 1,http://division1.upsl.com/teams/new-haven-city-sc-301359,
,New Jersey Alliance FC,Clifton, NJ,Premier,https://premier.upsl.com/teams/new-jersey-alliance-fc-54624,
,New Jersey Alliance FC II,Jersey City, NJ,Division 1,http://division1.upsl.com/teams/new-jersey-alliance-fc-ii-13415,
,New Jersey Alliance FC U13,NJ,Academy Boys,http://academyboys.upsl.com/teams/new-jersey-alliance-fc-u13-367070,
,New Jersey Alliance FC U15,NJ,Academy Boys,http://academyboys.upsl.com/teams/new-jersey-alliance-fc-u15-821542,
,New Jersey Alliance FC U17,NJ,Academy Boys,http://academyboys.upsl.com/teams/new-jersey-alliance-fc-u17-650835,
,New Jersey FC,Elizabeth, NJ,Premier,https://premier.upsl.com/teams/new-jersey-fc-185904,
,New Mexico United Academy,Albuquerque, NM,Premier,https://premier.upsl.com/teams/new-mexico-united-academy-192269,
,New York Braveheart SC,Central Islip, NY,Premier,https://premier.upsl.com/teams/new-york-braveheart-sc-231208,
,New York Braveheart SC II,Central Islip, NY,Division 1,http://division1.upsl.com/teams/new-york-braveheart-sc-ii-340823,
,New York Braveheart SC U15,NY,Academy Boys,http://academyboys.upsl.com/teams/new-york-braveheart-sc-u15-874489,
,New York Braveheart SC U17,NY,Academy Boys,http://academyboys.upsl.com/teams/new-york-braveheart-sc-u17-93408,
,New York Braveheart SC U20,Central Islip, NY,Division 1,http://division1.upsl.com/teams/new-york-braveheart-sc-u20-821617,
,Next Level Soccer,Gilbert, AZ,Division 1,http://division1.upsl.com/teams/next-level-soccer-621471,
,NJ Santos FC Rush,Bridgewater , NJ,Division 1,http://division1.upsl.com/teams/nj-santos-fc-rush-716993,
,NJ Santos FC Rush,Bridgewater, NJ,Division 1,http://division1.upsl.com/teams/nj-santos-fc-rush-286105,
,Nomads SC,San Diego, CA,Premier,https://premier.upsl.com/teams/nomads-sc-10434,
,Nona Soccer Academy,Orlando, FL,Premier,https://premier.upsl.com/teams/nona-soccer-academy-31372,
,Nona Soccer Academy II,Orlando, FL,Division 1,http://division1.upsl.com/teams/nona-soccer-academy-ii-351885,
,North Carolina FC Academy,Raleigh, NC,Premier,https://premier.upsl.com/teams/north-carolina-fc-academy-338063,
,North Carolina Lions,Winston Salem, NC,Division 1,http://division1.upsl.com/teams/north-carolina-lions-198184,
,North Georgia United,Calhoun, GA,Premier,https://premier.upsl.com/teams/north-georgia-united-602104,
,North Georgia United II,Calhoun, GA,Division 1,http://division1.upsl.com/teams/north-georgia-united-ii-824542,
,North Georgia United Women,Calhoun, GA,Women,http://women.upsl.com/teams/north-georgia-united-women-10590,
,Northern Tide FC Women,St.paul, MN,Women,http://women.upsl.com/teams/northern-tide-fc-women-185026,
,Northern Utah United,North Logan, UT,Premier,https://premier.upsl.com/teams/northern-utah-united-13487,
,Northern Utah United U18,North Logan, UT,Academy Boys,http://academyboys.upsl.com/teams/northern-utah-united-u18-549413,
,NOSC Blast,Shoreview, MN,Women,http://women.upsl.com/teams/nosc-blast-426936,
,NTX Legends FC,Denton, TX,Premier,https://premier.upsl.com/teams/ntx-legends-fc-58,
,NTX Legends Women,Denton, TX,Women,http://women.upsl.com/teams/ntx-legends-women-269731,
,NY Phoenix FC,Spring Valley, , NY,Division 1,http://division1.upsl.com/teams/ny-phoenix-fc-346489,
,NY Renegades FC,Hicksville, NY,Premier,https://premier.upsl.com/teams/ny-renegades-fc-894326,
,NY Renegades FC U15,NY,Academy Boys,http://academyboys.upsl.com/teams/ny-renegades-fc-u15-63352,
,NY Renegades FC U17,NY,Academy Boys,http://academyboys.upsl.com/teams/ny-renegades-fc-u17-686208,
,NYC Haiti United SC,Brooklyn, NY,Premier,https://premier.upsl.com/teams/nyc-haiti-united-sc-445019,
,Oakland SC,Oakland, CA,Women,http://women.upsl.com/teams/oakland-sc-106123,
,Oaks FC / Estudiantes,Los Angeles, CA,Premier,https://premier.upsl.com/teams/oaks-fc-estudiantes-87935,
,Oaks FC U17,CA,Academy Boys,http://academyboys.upsl.com/teams/oaks-fc-u17-936486,
,OC Kings FC,Santa Ana, CA,Division 1,http://division1.upsl.com/teams/oc-kings-fc-341820,
,Ocean's XI,Huntington Beach, CA,Division 1,http://division1.upsl.com/teams/oceans-xi-122295,
,OFC Wolves,Orlando, FL,Tournament,http://tournament.upsl.com/teams/ofc-wolves-574987,
,Ole FC,Ansonia, CT,Premier,https://premier.upsl.com/teams/ole-fc-353470,
,Olé Sporting,Chesapeake, VA,Division 1,http://division1.upsl.com/teams/ol-sporting-744643,
,Ole Sporting,Chesapeake, VA,Premier,https://premier.upsl.com/teams/ole-sporting-873562,
,Olimpia FC,Aurora, CO,Premier,https://premier.upsl.com/teams/olimpia-fc-77933,
,Orange County FC,Irvine, CA,Premier,https://premier.upsl.com/teams/orange-county-fc-50026,
,Orlando City Academy,Orlando, FL,Premier,https://premier.upsl.com/teams/orlando-city-academy-41637,
,Orlando City Academy,Orlando, FL,Premier,https://premier.upsl.com/teams/orlando-city-academy-461401,
,Orlando City Hunter's Creek,Orlando, FL,Division 1,http://division1.upsl.com/teams/orlando-city-hunters-creek-310504,
,Orlando City Hunter's Creek Academy,Orlando, FL,Division 1,http://division1.upsl.com/teams/orlando-city-hunters-creek-academy-868758,
,Orlando City Hunter's Creek U15,FL,Academy Boys,http://academyboys.upsl.com/teams/orlando-city-hunters-creek-u15-518890,
,Orlando City Soccer School Celebration U13,Celebration, FL,Academy Boys,http://academyboys.upsl.com/teams/orlando-city-soccer-school-celebration-u13-490864,
,Orlando City Soccer School Celebration U15,Celebration, FL,Academy Boys,http://academyboys.upsl.com/teams/orlando-city-soccer-school-celebration-u15-944903,
,Orlando City Soccer School Hunter’s Creek,Orlando , FL,Division 1,http://division1.upsl.com/teams/orlando-city-soccer-school-hunters-creek-665465,
,Orlando Rovers FC,Debary, FL,Premier,https://premier.upsl.com/teams/orlando-rovers-fc-52181,
,Osceola Science Charter Schoo1 U15,Kissimmee, FL,Academy Boys,http://academyboys.upsl.com/teams/osceola-science-charter-schoo1-u15-689997,
,Osceola Science Charter School U13,Kissimmee, FL,Academy Boys,http://academyboys.upsl.com/teams/osceola-science-charter-school-u13-447916,
,Osceola Science Charter School U17,FL,Academy Boys,http://academyboys.upsl.com/teams/osceola-science-charter-school-u17-106875,
,Pachuca 2011,San Diego, CA,San Diego RSL,http://sandiegorsl.upsl.com/teams/pachuca-2011-68907,
,Pachuca 2015,San Diego, CA,San Diego RSL,http://sandiegorsl.upsl.com/teams/pachuca-2015-532924,
,Pachuca Georgia,Lilburn, GA,Division 1,http://division1.upsl.com/teams/pachuca-georgia-165932,
,Pachuca Georgia U17,Atlanta, GA,Academy Boys,http://academyboys.upsl.com/teams/pachuca-georgia-u17-125502,
,Pachuca Georgia U17,Lilburn, GA,Division 1,http://division1.upsl.com/teams/pachuca-georgia-u17-781925,
,Pachuca U12,San Diego, CA,San Diego RSL,http://sandiegorsl.upsl.com/teams/pachuca-u12-451012,
,Pachuquita 2014,San Diego, CA,San Diego RSL,http://sandiegorsl.upsl.com/teams/pachuquita-2014-176422,
,Palm Beach Flames SC,West Palm Beach, FL,Premier,https://premier.upsl.com/teams/palm-beach-flames-sc-17896,
,Palm Beach Lightning,Palm Beach, FL,Tournament,http://tournament.upsl.com/teams/palm-beach-lightning-773781,
,Panathinaikos Chicago,Chicago, IL,Premier,https://premier.upsl.com/teams/panathinaikos-chicago-75693,
,Park City Red Wolves II,Park City, UT,Division 1,http://division1.upsl.com/teams/park-city-red-wolves-ii-34437,
,Park City Red Wolves U15,Park City, UT,Academy Boys,http://academyboys.upsl.com/teams/park-city-red-wolves-u15-397339,
,Park City Red Wolves U18,Park City, UT,Academy Boys,http://academyboys.upsl.com/teams/park-city-red-wolves-u18-791984,
,Parkland Soccer Club,Parkland, FL,Premier,https://premier.upsl.com/teams/parkland-soccer-club-401433,
,Parkland Soccer Club II,Parkland, FL,Division 1,http://division1.upsl.com/teams/parkland-soccer-club-ii-933105,
,PASS FC PRO,Grand Rapids , MI,Premier,https://premier.upsl.com/teams/pass-fc-pro-827954,
,Pathfinder FC,Salt Point, NY,Premier,https://premier.upsl.com/teams/pathfinder-fc-117433,
,Pathfinder FC II,Pleasant Valley, NY,Division 1,http://division1.upsl.com/teams/pathfinder-fc-ii-84511,
,Pathfinder FC U13,Pleasant Valley, NY,Academy Boys,http://academyboys.upsl.com/teams/pathfinder-fc-u13-310138,
,Pathfinder FC U15,NY,Academy Boys,http://academyboys.upsl.com/teams/pathfinder-fc-u15-75964,
,Pathfinder FC U17,NY,Academy Boys,http://academyboys.upsl.com/teams/pathfinder-fc-u17-360547,
,Pathfinder FC U20,Pleasant Valley, NY,Division 1,http://division1.upsl.com/teams/pathfinder-fc-u20-598299,
,Paul Depay F.C,Chattanooga, TN,Premier,https://premier.upsl.com/teams/paul-depay-f-c-62643,
,PDP-OC,TUSTIN, CA,Division 1,http://division1.upsl.com/teams/pdp-oc-24198,
,Pennsylvania Prime FC,Allentown, PA,Division 1,http://division1.upsl.com/teams/pennsylvania-prime-fc-762816,
,Philadelphia Lone Star FC,Philadelphia, PA,Premier,https://premier.upsl.com/teams/philadelphia-lone-star-fc-53567,
,Philadelphia Lone Star II,Philadelphia, PA,Division 1,http://division1.upsl.com/teams/philadelphia-lone-star-ii-947239,
,Philadelphia Union UDS,Philadelphia, PA,Premier,https://premier.upsl.com/teams/philadelphia-union-uds-149039,
,Phoenix Rising,Phoenix, AZ,Premier,https://premier.upsl.com/teams/phoenix-rising-683850,
,Pioneer United FC,Anchorage, AK,Premier,https://premier.upsl.com/teams/pioneer-united-fc-472309,
,Pioneer United FC Women,Anchorage, AK,Women,http://women.upsl.com/teams/pioneer-united-fc-women-445533,
,Plantation FC,Plantation, FL,Premier,https://premier.upsl.com/teams/plantation-fc-241834,
,Plantation FC II,North Plantation, FL,Division 1,http://division1.upsl.com/teams/plantation-fc-ii-39664,
,Plantation FC III,Plantation, FL,Division 1,http://division1.upsl.com/teams/plantation-fc-iii-90727,
,Playmaker FC U17,Orange county, CA,Academy Boys,http://academyboys.upsl.com/teams/playmaker-fc-u17-907191,
,Port City FC,Wilmington, NC,Division 1,http://division1.upsl.com/teams/port-city-fc-481267,
,Potros FC,Marietta, GA,Premier,https://premier.upsl.com/teams/potros-fc-48875,
,Potros Futbol Club,Marietta, GA,Premier,https://premier.upsl.com/teams/potros-futbol-club-80985,
,Pre-College DA,Nashville, TN,Premier,https://premier.upsl.com/teams/pre-college-da-819774,
,Pre-College DA II,Nashville, TN,Premier,https://premier.upsl.com/teams/pre-college-da-ii-347521,
,Progressive Youth SC U15,NY,Academy Boys,http://academyboys.upsl.com/teams/progressive-youth-sc-u15-211208,
,Progressive Youth SC U17,NY,Academy Boys,http://academyboys.upsl.com/teams/progressive-youth-sc-u17-621055,
,Project 51O,Oakland, CA,Premier,https://premier.upsl.com/teams/project-51o-10488,
,Provo Athletic Club,Provo, UT,Premier,https://premier.upsl.com/teams/provo-athletic-club-393457,
,Provo Athletic Club U15,Provo, UT,Academy Boys,http://academyboys.upsl.com/teams/provo-athletic-club-u15-4557,
,Provo Athletic Club U18,Provo, UT,Academy Boys,http://academyboys.upsl.com/teams/provo-athletic-club-u18-645323,
,PSC,Irvine, CA,Premier,https://premier.upsl.com/teams/psc-47558,
,PSC II,Irvine, CA,Division 1,http://division1.upsl.com/teams/psc-ii-761373,
,PSG Academy Florida,Ft. Lauderdale, FL,Division 1,http://division1.upsl.com/teams/psg-academy-florida-477400,
,PSG Academy Houston,Houston, TX,Division 1,http://division1.upsl.com/teams/psg-academy-houston-402501,
,Pumas B2009,San Diego, CA,San Diego RSL,http://sandiegorsl.upsl.com/teams/pumas-b2009-630355,
,Pumas Colorado Springs,Colorado Springs, CO,Premier,https://premier.upsl.com/teams/pumas-colorado-springs-215704,
,Pumas SD U16,San Diego, CA,San Diego RSL,http://sandiegorsl.upsl.com/teams/pumas-sd-u16-162401,
,Pumas SD U19,San Diego, CA,San Diego RSL,http://sandiegorsl.upsl.com/teams/pumas-sd-u19-325424,
,Queen City FC,Charlotte, NC,Premier,https://premier.upsl.com/teams/queen-city-fc-27806,
,Racing Dallas FC,Dallas, TX,Premier,https://premier.upsl.com/teams/racing-dallas-fc-514283,
,Racing Houston City FC,Houston, TX,Division 1,http://division1.upsl.com/teams/racing-houston-city-fc-696104,
,Racing Los Angeles,Los Angeles, CA,Division 1,http://division1.upsl.com/teams/racing-los-angeles-348781,
,Racing Sacramento City FC,Sacramento, CA,Premier,https://premier.upsl.com/teams/racing-sacramento-city-fc-403979,
,Ravens FC,Charlotte, NC,Division 1,http://division1.upsl.com/teams/ravens-fc-71933,
,Rayados 2015 Zuri,San Diego, CA,San Diego RSL,http://sandiegorsl.upsl.com/teams/rayados-2015-zuri-350678,
,Rayados 2016 Zuri,San Diego, CA,San Diego RSL,http://sandiegorsl.upsl.com/teams/rayados-2016-zuri-692305,
,Rayados Abundis B2008,San Diego, CA,San Diego RSL,http://sandiegorsl.upsl.com/teams/rayados-abundis-b2008-92496,
,Rayados B2008,San Diego, CA,San Diego RSL,http://sandiegorsl.upsl.com/teams/rayados-b2008-672690,
,Real Futbol Club,Kennett Square , PA,Division 1,http://division1.upsl.com/teams/real-futbol-club-709517,
,Real Galt FC,Galt, CA,Premier,https://premier.upsl.com/teams/real-galt-fc-514521,
,Real Madrid Vista 2009,San Diego, CA,San Diego RSL,http://sandiegorsl.upsl.com/teams/real-madrid-vista-2009-660572,
,Real New York FC,Brooklyn, NY,Division 1,http://division1.upsl.com/teams/real-new-york-fc-57584,
,Real New York FC U17,NY,Academy Boys,http://academyboys.upsl.com/teams/real-new-york-fc-u17-386064,
,Rebano Chivas LA,Santa Ana, CA,Division 1,http://division1.upsl.com/teams/rebano-chivas-la-361712,
,Rebels Alex 2014,San Diego, CA,Academy Boys,http://academyboys.upsl.com/teams/rebels-alex-2014-360707,
,Rebels Alex 2015,San Diego, CA,San Diego RSL,http://sandiegorsl.upsl.com/teams/rebels-alex-2015-150076,
,Rebels FC,Simi Valley, CA,Division 1,http://division1.upsl.com/teams/rebels-fc-64843,
,Rebels FC U13,Simi Valley, CA,Academy Boys,http://academyboys.upsl.com/teams/rebels-fc-u13-931314,
,Rebels FC U15,Simi Valley, CA,Academy Boys,http://academyboys.upsl.com/teams/rebels-fc-u15-363061,
,Rebels Football Club U17,Simi Valley , CA,Academy Boys,http://academyboys.upsl.com/teams/rebels-football-club-u17-795994,
,Rebels Luis B2013,San Diego, CA,San Diego RSL,http://sandiegorsl.upsl.com/teams/rebels-luis-b2013-757132,
,Rebels Luis B2016,San Diego, CA,San Diego RSL,http://sandiegorsl.upsl.com/teams/rebels-luis-b2016-225581,
,Rebels Luis B2017,San Diego, CA,San Diego RSL,http://sandiegorsl.upsl.com/teams/rebels-luis-b2017-377952,
,Rebels Nuno B2014,San Diego, CA,San Diego RSL,http://sandiegorsl.upsl.com/teams/rebels-nuno-b2014-158288,
,Rebels Nuno B2014,San Diego, CA,San Diego RSL,http://sandiegorsl.upsl.com/teams/rebels-nuno-b2014-200261,
,Rebels Nuno B2015,San Diego, CA,San Diego RSL,http://sandiegorsl.upsl.com/teams/rebels-nuno-b2015-122968,
,Rebels Nuno B2015,San Diego, CA,San Diego RSL,http://sandiegorsl.upsl.com/teams/rebels-nuno-b2015-224930,
,Rebels SC,Chula Vista, CA,Premier,https://premier.upsl.com/teams/rebels-sc-43784,
,Renegades FC,Kaysville, UT,Women,http://women.upsl.com/teams/renegades-fc-686896,
,Reno Vikings Premier,Reno, NV,Women,http://women.upsl.com/teams/reno-vikings-premier-250619,
,Revolution FC,TX,Tournament,http://tournament.upsl.com/teams/revolution-fc-159415,
,River City FC,Columbia, SC,Division 1,http://division1.upsl.com/teams/river-city-fc-63511,
,River City FC,Columbia, SC, SC,Division 1,http://division1.upsl.com/teams/river-city-fc-331679,
,Riverbank FC,Riverbank, CA,Division 1,http://division1.upsl.com/teams/riverbank-fc-224633,
,Rockville Soccer Club,Rockville, MD,Premier,https://premier.upsl.com/teams/rockville-soccer-club-64777,
,Rose City FC,Arcadia, CA,Division 1,http://division1.upsl.com/teams/rose-city-fc-88395,
,Rose City FC U17,Arcadia, CA,Academy Boys,http://academyboys.upsl.com/teams/rose-city-fc-u17-950157,
,Rose City Football Club,Pasadena , CA,Academy Boys,http://academyboys.upsl.com/teams/rose-city-football-club-665989,
,Round Lake Evolution FC,Round Lake, IL,Premier,https://premier.upsl.com/teams/round-lake-evolution-fc-214513,
,Round Rock SC,Round Rock, TX,Premier,https://premier.upsl.com/teams/round-rock-sc-55632,
,Round Rock SC,Round Rock, TX,Division 1,http://division1.upsl.com/teams/round-rock-sc-997774,
,Round Rock Soccer Club,Round Rock , TX,Division 1,http://division1.upsl.com/teams/round-rock-soccer-club-305964,
,Royal Palms SC,Palm Coast, FL,Division 1,http://division1.upsl.com/teams/royal-palms-sc-33339,
,RSL Academy,Herriman, UT,Premier,https://premier.upsl.com/teams/rsl-academy-88566,
,RSL AZ,Phoenix, AZ,Premier,https://premier.upsl.com/teams/rsl-az-219207,
,RSL Southern AZ,Tucson, AZ,Premier,https://premier.upsl.com/teams/rsl-southern-az-963443,
,Rush Select Academy,Port Saint Lucie, FL,Premier,https://premier.upsl.com/teams/rush-select-academy-613009,
,Rush Select Academy II,Port Saint Lucie, FL,Division 1,http://division1.upsl.com/teams/rush-select-academy-ii-885253,
,Rush Select II,Port Saint Lucie, FL,Division 1,http://division1.upsl.com/teams/rush-select-ii-518642,
,Ryogoku Soccer Academy,Kansas City , MO,Premier,https://premier.upsl.com/teams/ryogoku-soccer-academy-661350,
,Sacramento United,Sacramento, CA,Premier,https://premier.upsl.com/teams/sacramento-united-919336,
,Sahara Gunners FC,Buffalo, NY,Premier,https://premier.upsl.com/teams/sahara-gunners-fc-37326,
,Saint Paul United FC,Saint Paul, MN,Division 1,http://division1.upsl.com/teams/saint-paul-united-fc-400129,
,Saint Petersburg Aztecs FC,Saint Petersburg, FL,Premier,https://premier.upsl.com/teams/saint-petersburg-aztecs-fc-696779,
,Salvo SC,Eagan, MN,Division 1,http://division1.upsl.com/teams/salvo-sc-865043,
,San Antonio City,San Antonio, TX,Premier,https://premier.upsl.com/teams/san-antonio-city-640317,
,San Antonio FC Academy,San Antonio, TX,Premier,https://premier.upsl.com/teams/san-antonio-fc-academy-375963,
,San Antonio Runners SC,San Antonio, TX,Premier,https://premier.upsl.com/teams/san-antonio-runners-sc-636418,
,San Diego City FC,San Diego, CA,Premier,https://premier.upsl.com/teams/san-diego-city-fc-659438,
,San Diego Internacional FC,San Diego, CA,Premier,https://premier.upsl.com/teams/san-diego-internacional-fc-91427,
,San Fernando Valley FC,San Fernando, CA,Premier,https://premier.upsl.com/teams/san-fernando-valley-fc-34095,
,San Leandro United Academy,Oakland, CA,Division 1,http://division1.upsl.com/teams/san-leandro-united-academy-56740,
,Santa Ana Winds FC,Santa Ana, CA,Premier,https://premier.upsl.com/teams/santa-ana-winds-fc-1741,
,Santa Monica Surf,Santa Monica, CA,Division 1,http://division1.upsl.com/teams/santa-monica-surf-33861,
,SB Matrix Martin B2012,San Diego, CA,San Diego RSL,http://sandiegorsl.upsl.com/teams/sb-matrix-martin-b2012-251906,
,SC Trojans,Los Angeles, CA,Division 1,http://division1.upsl.com/teams/sc-trojans-91698,
,SC Union Maricopa II,Phoenix, AZ,Division 1,http://division1.upsl.com/teams/sc-union-maricopa-ii-233167,
,SC Union Maricopa Raiders,Phoenix, AZ,Premier,https://premier.upsl.com/teams/sc-union-maricopa-raiders-219615,
,SCU Heat,Columbia, SC,Premier,https://premier.upsl.com/teams/scu-heat-24578,
,SDA Utica Blasters,Whitesboro , NY,Women,http://women.upsl.com/teams/sda-utica-blasters-527587,
,SDRM 2009,San Diego, CA,San Diego RSL,http://sandiegorsl.upsl.com/teams/sdrm-2009-931084,
,SEI Corvids FC,Pocatello, ID,Division 1,http://division1.upsl.com/teams/sei-corvids-fc-765881,
,Selma Football Club,Selma, CA,Division 1,http://division1.upsl.com/teams/selma-football-club-934160,
,SF Wanderers,Kansas City, KS,Premier,https://premier.upsl.com/teams/sf-wanderers-626093,
,SGA,Austin, TX,Division 1,http://division1.upsl.com/teams/sga-299309,
,Sharks FCA,FL,Tournament,http://tournament.upsl.com/teams/sharks-fca-363268,
,Shock City Fc,Clearwater, FL,Division 1,http://division1.upsl.com/teams/shock-city-fc-731955,
,Shoreline United FC,Long Beach, CA,Division 1,http://division1.upsl.com/teams/shoreline-united-fc-355660,
,Side FC 92,Tulsa, OK,Premier,https://premier.upsl.com/teams/side-fc-92-382588,
,Simi Valley Eclipse - Rebels FC U13,Simi Valley, CA,Academy Boys,http://academyboys.upsl.com/teams/simi-valley-eclipse-rebels-fc-u13-174728,
,Skm Academy,Irving , TX,Division 1,http://division1.upsl.com/teams/skm-academy-596697,
,Smugtown FC,Rochester, NY,Division 1,http://division1.upsl.com/teams/smugtown-fc-153874,
,SoCal FC,Los Angeles, CA,Women,http://women.upsl.com/teams/socal-fc-844166,
,SoCal Reds,Irvine, CA,Premier,https://premier.upsl.com/teams/socal-reds-495143,
,SoCal Reds FC,CA,Premier,https://premier.upsl.com/teams/socal-reds-fc-115311,
,SoCal Reds FC II,Los Angeles, CA,Division 1,http://division1.upsl.com/teams/socal-reds-fc-ii-87853,
,SoCal Reds FC U17,CA,Academy Boys,http://academyboys.upsl.com/teams/socal-reds-fc-u17-622667,
,SoCal Reds FC Women,CA,Women,http://women.upsl.com/teams/socal-reds-fc-women-911639,
,SoCal United,Tustin, CA,Division 1,http://division1.upsl.com/teams/socal-united-172133,
,Soccer Club Incorporated,Fort Lauderdale, FL,Division 1,http://division1.upsl.com/teams/soccer-club-incorporated-127771,
,Soda City FC,Columbia, SC,Premier,https://premier.upsl.com/teams/soda-city-fc-662893,
,Somerset SC,Dallas, TX,Division 1,http://division1.upsl.com/teams/somerset-sc-32880,
,South Florida Football Academy,Boca Raton, FL,Division 1,http://division1.upsl.com/teams/south-florida-football-academy-174112,
,South Florida Football Academy II,Boca Raton, FL,Division 1,http://division1.upsl.com/teams/south-florida-football-academy-ii-783003,
,South Park Football Club,Santa Rosa, CA,Premier,https://premier.upsl.com/teams/south-park-football-club-490334,
,Southern Indiana FC,Jeffersonville, IN,Premier,https://premier.upsl.com/teams/southern-indiana-fc-862853,
,Southwest FC,Bridgeport , CT,Division 1,http://division1.upsl.com/teams/southwest-fc-66008,
,Southwest Football Club,El Paso, TX,Premier,https://premier.upsl.com/teams/southwest-football-club-421646,
,Spartans Toros Neza FC,San Fernando, CA,Division 1,http://division1.upsl.com/teams/spartans-toros-neza-fc-615857,
,SPNG Academy U14,Chicago, IL,Academy Boys,http://academyboys.upsl.com/teams/spng-academy-u14-417887,
,SPNG Academy U15,Chicago, IL,Academy Boys,http://academyboys.upsl.com/teams/spng-academy-u15-991084,
,Sporting Arizona FC,El Mirage, AZ,Division 1,http://division1.upsl.com/teams/sporting-arizona-fc-157854,
,Sporting FC,Westlake Village, CA,Premier,https://premier.upsl.com/teams/sporting-fc-586883,
,Sporting FC U17,CA,Academy Boys,http://academyboys.upsl.com/teams/sporting-fc-u17-707101,
,Sporting FC Women,CA,Women,http://women.upsl.com/teams/sporting-fc-women-956307,
,Sporting Kansas City Academy,Kansas City, MO,Premier,https://premier.upsl.com/teams/sporting-kansas-city-academy-807723,
,Sporting NTX,McKinney, TX,Premier,https://premier.upsl.com/teams/sporting-ntx-42249,
,Sporting NTX Verde,McKinney, TX,Division 1,http://division1.upsl.com/teams/sporting-ntx-verde-703682,
,Sporting Slammers U15,CA,Academy Boys,http://academyboys.upsl.com/teams/sporting-slammers-u15-452454,
,Sporting Slammers U17,CA,Academy Boys,http://academyboys.upsl.com/teams/sporting-slammers-u17-299215,
,Sporting So-Cal Soccer Club,Glendale , CA,Academy Boys,http://academyboys.upsl.com/teams/sporting-so-cal-soccer-club-322801,
,Sporting So-Cal U13,Glendale, CA,Academy Boys,http://academyboys.upsl.com/teams/sporting-so-cal-u13-686790,
,Sporting So-Cal U15,Glendale , CA,Academy Boys,http://academyboys.upsl.com/teams/sporting-so-cal-u15-730711,
,Sporting Wichita SC,Wichita, KS,Premier,https://premier.upsl.com/teams/sporting-wichita-sc-57378,
,Springs Soccer Club,Coral Springs, FL,Division 1,http://division1.upsl.com/teams/springs-soccer-club-951596,
,SSL FC,Clarkston, GA,Premier,https://premier.upsl.com/teams/ssl-fc-337511,
,SSL FC 2,Norcross, GA,Division 1,http://division1.upsl.com/teams/ssl-fc-2-234105,
,St Petersburg FC Aztecs,St Petersburg, FL,Premier,https://premier.upsl.com/teams/st-petersburg-fc-aztecs-789788,
,St. Croix Soccer Club,Stillwater, MN,Women,http://women.upsl.com/teams/st-croix-soccer-club-40830,
,St. Johns FC,Portland, OR,Premier,https://premier.upsl.com/teams/st-johns-fc-13737,
,St. Louis City SC Academy,St. Louis, MO,Premier,https://premier.upsl.com/teams/st-louis-city-sc-academy-508361,
,St. Paul Blackhawks,St. Paul, MN,Premier,https://premier.upsl.com/teams/st-paul-blackhawks-890796,
,Storm United FC,Apple Valley, CA,Premier,https://premier.upsl.com/teams/storm-united-fc-36826,
,Street Footie FC,Rockville , MD,Division 1,http://division1.upsl.com/teams/street-footie-fc-175815,
,Strikers FC Miami,Homestead, FL,Division 1,http://division1.upsl.com/teams/strikers-fc-miami-48332,
,Strikers Miami FC U17,Homestead, FL,Academy Boys,http://academyboys.upsl.com/teams/strikers-miami-fc-u17-331118,
,Sueno FC,Joliet, IL,Premier,https://premier.upsl.com/teams/sueno-fc-69392,
,Sueno FC U15,Chicago, IL,Academy Boys,http://academyboys.upsl.com/teams/sueno-fc-u15-958031,
,Sueno FC U17,Chicago, IL,Academy Boys,http://academyboys.upsl.com/teams/sueno-fc-u17-569390,
,Sun City Astros FC,El Paso, TX,Premier,https://premier.upsl.com/teams/sun-city-astros-fc-65966,
,Superior City FC Women,Superior, WI,Women,http://women.upsl.com/teams/superior-city-fc-women-123701,
,Supreme FC,Miramar , FL,Division 1,http://division1.upsl.com/teams/supreme-fc-863304,
,Sure Sports FC,Columbia, MD,Premier,https://premier.upsl.com/teams/sure-sports-fc-21976,
,Sure Sports FC II,Columbia, MD,Division 1,http://division1.upsl.com/teams/sure-sports-fc-ii-990948,
,SYC United,Springfield, VA,Premier,https://premier.upsl.com/teams/syc-united-84604,
,Talent Pro,Los Angeles, CA,Tournament,http://tournament.upsl.com/teams/talent-pro-672370,
,TCSA Reserves,Macon, GA,Division 1,http://division1.upsl.com/teams/tcsa-reserves-210736,
,Tenfifteen FC,Dallas, TX,Premier,https://premier.upsl.com/teams/tenfifteen-fc-947327,
,Tennessee Tempo,Nashville, TN,Premier,https://premier.upsl.com/teams/tennessee-tempo-514627,
,Tennessee Tempo FC,Nashville, TN,Premier,https://premier.upsl.com/teams/tennessee-tempo-fc-401374,
,Tennessee Tempo II,Nashville, TN,Premier,https://premier.upsl.com/teams/tennessee-tempo-ii-776946,
,Texas FC,Georgetown/Leander, TX,Premier,https://premier.upsl.com/teams/texas-fc-610679,
,Texas Premier,Houston, TX,Premier,https://premier.upsl.com/teams/texas-premier-769273,
,Texas Spurs,Allen, TX,Premier,https://premier.upsl.com/teams/texas-spurs-85844,
,Texas Spurs II,Allen, TX,Division 1,http://division1.upsl.com/teams/texas-spurs-ii-7216,
,Texas Spurs Women,Allen, TX,Women,http://women.upsl.com/teams/texas-spurs-women-427236,
,The Villages SC,Summerfield, FL,Division 1,http://division1.upsl.com/teams/the-villages-sc-645908,
,Thurston County SA,Olympia, WA,Premier,https://premier.upsl.com/teams/thurston-county-sa-80967,
,Tiffiny's 2012,San Diego, CA,San Diego RSL,http://sandiegorsl.upsl.com/teams/tiffinys-2012-342663,
,Titans fc,San Bernardino , CA,Division 1,http://division1.upsl.com/teams/titans-fc-49905,
,Tonka Fusion Elite,Plymouth, MN,Women,http://women.upsl.com/teams/tonka-fusion-elite-700941,
,Total90 Futbol Academy,Tulsa, OK,Premier,https://premier.upsl.com/teams/total90-futbol-academy-151088,
,Traviesos 2009,San Diego, CA,San Diego RSL,http://sandiegorsl.upsl.com/teams/traviesos-2009-38683,
,Tropical Sporting Football Club,Miami, FL,Division 1,http://division1.upsl.com/teams/tropical-sporting-football-club-665401,
,Tulsa Athletic,Tulsa, OK,Premier,https://premier.upsl.com/teams/tulsa-athletic-129331,
,Tuzos Georgia U17,GA,Academy Boys,http://academyboys.upsl.com/teams/tuzos-georgia-u17-464476,
,Twin City FC,Coon Rapids, MN,Premier,https://premier.upsl.com/teams/twin-city-fc-16956,
,Two Bridges Football Club,New York, NY,Division 1,http://division1.upsl.com/teams/two-bridges-football-club-431110,
,UCFSC Warriors,Rahway, NJ,Division 1,http://division1.upsl.com/teams/ucfsc-warriors-45223,
,UDA Soccer,Las Cruces, NM,Premier,https://premier.upsl.com/teams/uda-soccer-287984,
,UMA FC,LaGrange, GA,Premier,https://premier.upsl.com/teams/uma-fc-750267,
,Unations FC,Worcester, MA,Premier,https://premier.upsl.com/teams/unations-fc-624719,
,Unations FC II,Worcester, MA,Division 1,http://division1.upsl.com/teams/unations-fc-ii-309551,
,Union Amaya U17,Fontana, CA,Academy Boys,http://academyboys.upsl.com/teams/union-amaya-u17-202303,
,Union FC Kissimmee U13,Kissimmee, FL,Academy Boys,http://academyboys.upsl.com/teams/union-fc-kissimmee-u13-279362,
,Union FC Kissimmee U15,FL,Academy Boys,http://academyboys.upsl.com/teams/union-fc-kissimmee-u15-637329,
,Union SC,Union, NJ,Premier,https://premier.upsl.com/teams/union-sc-250100,
,Union SC U13,Union, NJ,Academy Boys,http://academyboys.upsl.com/teams/union-sc-u13-140111,
,Union SC U15,NJ,Academy Boys,http://academyboys.upsl.com/teams/union-sc-u15-243032,
,Union SC U17,NJ,Academy Boys,http://academyboys.upsl.com/teams/union-sc-u17-879133,
,United City FC Women,CA,Women,http://women.upsl.com/teams/united-city-fc-women-35165,
,United Elite Krajisnik FC,Utica, NY,Women,http://women.upsl.com/teams/united-elite-krajisnik-fc-909228,
,United Elite Krajisnik FC II,Utica, NY,Division 1,http://division1.upsl.com/teams/united-elite-krajisnik-fc-ii-874839,
,United FC,Lawrenceville, GA,Division 1,http://division1.upsl.com/teams/united-fc-431376,
,United Soccer Club,Orlando, FL,Division 1,http://division1.upsl.com/teams/united-soccer-club-615374,
,United Soccer Club,FL,Tournament,http://tournament.upsl.com/teams/united-soccer-club-412194,
,Upper Royalty,Auburn/Lewiston, ME,Division 1,http://division1.upsl.com/teams/upper-royalty-451236,
,Upstate United,Syracuse, NY,Division 1,http://division1.upsl.com/teams/upstate-united-636541,
,Urbana City FC,Urbana, IL,Premier,https://premier.upsl.com/teams/urbana-city-fc-993266,
,Utah Avalanche SC,Salt Lake City, UT,Premier,https://premier.upsl.com/teams/utah-avalanche-sc-908421,
,Utah Development Academy,Salt Lake City, UT,Premier,https://premier.upsl.com/teams/utah-development-academy-22609,
,Utah Rangers FC,Ogden, UT,Premier,https://premier.upsl.com/teams/utah-rangers-fc-40,
,Utah Rangers FC II,Ogden, UT,Division 1,http://division1.upsl.com/teams/utah-rangers-fc-ii-95883,
,Utah Rangers U18,Ogden, UT,Academy Boys,http://academyboys.upsl.com/teams/utah-rangers-u18-594246,
,Utah Red Wolves SC,Park City, UT,Premier,https://premier.upsl.com/teams/utah-red-wolves-sc-87383,
,VA Revolution Pro,Leesburg, VA,Premier,https://premier.upsl.com/teams/va-revolution-pro-763367,
,Vacaville Elite,Vacaville, CA,Division 1,http://division1.upsl.com/teams/vacaville-elite-28074,
,Valley 559 FC,Fresno, CA,Premier,https://premier.upsl.com/teams/valley-559-fc-36268,
,Vikings Premier,Reno, NV,Women,http://women.upsl.com/teams/vikings-premier-337323,
,Villa 2009,San Diego, CA,San Diego RSL,http://sandiegorsl.upsl.com/teams/villa-2009-215148,
,Villa 2015,San Diego, CA,San Diego RSL,http://sandiegorsl.upsl.com/teams/villa-2015-777056,
,Villanovence FC,Danbury, CT,Premier,https://premier.upsl.com/teams/villanovence-fc-538360,
,Villanovence FC U17,Danbury, CT,Academy Boys,http://academyboys.upsl.com/teams/villanovence-fc-u17-537211,
,Villarreal CF Las Vegas,Las Vegas, NV,Premier,https://premier.upsl.com/teams/villarreal-cf-las-vegas-805413,
,Villarreal CF VA,Springfield, VA,Premier,https://premier.upsl.com/teams/villarreal-cf-va-800585,
,Villarreal North Texas,Fort Worth, TX,Division 1,http://division1.upsl.com/teams/villarreal-north-texas-335104,
,Vinotinto FC Atlanta,Norcross, GA,Premier,https://premier.upsl.com/teams/vinotinto-fc-atlanta-472030,
,Virginia Dream FC,Falls Church, VA,Premier,https://premier.upsl.com/teams/virginia-dream-fc-616358,
,Vlora FC Women,Burnsville, MN,Women,http://women.upsl.com/teams/vlora-fc-women-339530,
,Wake Futbol Club,Holly Springs, NC,Division 1,http://division1.upsl.com/teams/wake-futbol-club-681651,
,Warwick City Football Club,Warwick, RI,Division 1,http://division1.upsl.com/teams/warwick-city-football-club-510415,
,Weston FC,Weston, FL,Premier,https://premier.upsl.com/teams/weston-fc-26177,
,Weston FC U18 Black,Weston, FL,Division 1,http://division1.upsl.com/teams/weston-fc-u18-black-971231,
,Weston FC U19 Black,Weston, FL,Division 1,http://division1.upsl.com/teams/weston-fc-u19-black-985656,
,Whitestone FC,Queens, NY,Division 1,http://division1.upsl.com/teams/whitestone-fc-709571,
,Wizards Soccer Academy U13,Kissimmee, FL,Academy Boys,http://academyboys.upsl.com/teams/wizards-soccer-academy-u13-671910,
,Wizards Soccer Academy U15,Kissimmee, FL,Academy Boys,http://academyboys.upsl.com/teams/wizards-soccer-academy-u15-543162,
,Wolves 2007,San Diego, CA,San Diego RSL,http://sandiegorsl.upsl.com/teams/wolves-2007-550370,
,Women’s Playmaker FC,Orange County , CA,Women,http://women.upsl.com/teams/womens-playmaker-fc-554923,
,Worcester Warriors FC,Worcester, MA,Premier,https://premier.upsl.com/teams/worcester-warriors-fc-857403,
,Worldwide Problems SC,Anaheim , CA,Division 1,http://division1.upsl.com/teams/worldwide-problems-sc-738220,
,Worthington Community FC,Worthington, MN,Premier,https://premier.upsl.com/teams/worthington-community-fc-118018,
,Worthington Community FC II,Worthington, MN,Division 1,http://division1.upsl.com/teams/worthington-community-fc-ii-40007,
,XAFC-NJ Xolos U15,NJ,Academy Boys,http://academyboys.upsl.com/teams/xafc-nj-xolos-u15-103405,
,XAFC-NJ Xolos U17,NJ,Academy Boys,http://academyboys.upsl.com/teams/xafc-nj-xolos-u17-276568,
,Xolo-Aztecs Medina B2011,San Diego, CA,San Diego RSL,http://sandiegorsl.upsl.com/teams/xolo-aztecs-medina-b2011-936293,
,Young Gunz,Colorado Springs, CO,Premier,https://premier.upsl.com/teams/young-gunz-6064,
,Yuba FC,Yuba, CA,Premier,https://premier.upsl.com/teams/yuba-fc-544471,
,Yuta Kickers SC,Lehi, UT,Premier,https://premier.upsl.com/teams/yuta-kickers-sc-42670,
,Zacatepec USA,CA,Tournament,http://tournament.upsl.com/teams/zacatepec-usa-635785,
,Zeta FC,Irvine, CA,Premier,https://premier.upsl.com/teams/zeta-fc-478789,
,Zeta FC II,Irvine, CA,Division 1,http://division1.upsl.com/teams/zeta-fc-ii-878581,
,Zeta FC U17,Irvine, CA,Academy Boys,http://academyboys.upsl.com/teams/zeta-fc-u17-886660,
